"Image Url";"Name"
"http://cdn-profiles.tunein.com/s20431/images/logoq.jpg?t=155127";"FOX News Talk"
"http://cdn-profiles.tunein.com/s23102/images/logoq.png?t=157355";"The Team 980 & 95.9"
"http://cdn-radiotime-logos.tunein.com/s221117q.png";"Smooth UK"
"http://cdn-profiles.tunein.com/s22469/images/logoq.jpg?t=1";"98.7 FM ESPN New York"
"http://cdn-radiotime-logos.tunein.com/s51195q.png";"Whisperings: Solo Piano Radio"
"http://cdn-radiotime-logos.tunein.com/s24948q.png";"BBC World Service News"
"http://cdn-radiotime-logos.tunein.com/s20620q.png";"The Current"
"http://cdn-profiles.tunein.com/s34231/images/logoq.png?t=156776";"KNBR 680"
"http://cdn-radiotime-logos.tunein.com/s7641q.png";"2GB"
"http://cdn-radiotime-logos.tunein.com/s16534q.png";"Capital London"
"http://cdn-profiles.tunein.com/s25876/images/logoq.jpg?t=1";"ESPN Radio"
"http://cdn-radiotime-logos.tunein.com/s27654q.png";"WBUR-FM"
"http://cdn-radiotime-logos.tunein.com/s189055q.png";"Progressive Voices"
"http://cdn-profiles.tunein.com/s289729/images/logoq.jpg";"ATP Tennis Radio"
"http://cdn-radiotime-logos.tunein.com/s21606q.png";"WNYC-FM"
"http://cdn-radiotime-logos.tunein.com/s7007q.png";"3AW"
"http://cdn-profiles.tunein.com/s34350/images/logoq.png";"MPR News"
"http://cdn-radiotime-logos.tunein.com/s13606q.png";"Radio Paradise"
"http://cdn-radiotime-logos.tunein.com/s24939q.png";"BBC Radio 1"
"http://cdn-profiles.tunein.com/s23407/images/logoq.png?t=151733";"Michigan Radio"
"http://cdn-profiles.tunein.com/s241397/images/logoq.jpg?t=636225";"Heart UK"
"http://cdn-profiles.tunein.com/s21297/images/logoq.jpg";"ESPN Chicago"
"http://cdn-radiotime-logos.tunein.com/s33213q.png";"710 ESPN Seattle"
"http://cdn-radiotime-logos.tunein.com/s44491q.png";"BBC Radio 6 Music"
"http://cdn-radiotime-logos.tunein.com/s15984q.png";"PR3 Trójka."
"https://cdn-radiotime-logos.tunein.com/s17474g.png";"Radio Gdansk"
"http://cdn-radiotime-logos.tunein.com/s15983q.png";"PR2 Dwójka."
"http://cdn-radiotime-logos.tunein.com/s16273q.png";"Radio Maryja."
"http://cdn-radiotime-logos.tunein.com/s2467q.png";"RADIO KATOWICE."
"http://cdn-radiotime-logos.tunein.com/s9333q.png";"Radio Silesia."
"http://cdn-radiotime-logos.tunein.com/s65945q.png";"Radio MUZO.FM."
"http://cdn-radiotime-logos.tunein.com/s25187q.png";"Tok FM."
"http://cdn-radiotime-logos.tunein.com/s9268q.png";"Zlote Przeboje."
"http://cdn-profiles.tunein.com/s10201/images/logoq.png?t=155119";"Radio Bielsko."
"http://cdn-radiotime-logos.tunein.com/s76562q.png";"VOX FM."
"https://static.radio.pl/images/broadcasts/4d/8a/13303/c300.png";"RMF Love"
"http://d38n1wpq60hqoq.cloudfront.net/sites/default/files/radio/logos/logo-rmf-maxxx.png";"RMF Maxxx"
"https://images.radiovolna.net/_files/images/164x164/de4ae824e0c8af6e6e62feb5a1429b29/h1/jsp0594a4ea2d59bc255683532.jpg";"RMF Party"
"https://www.rmfon.pl/i/logos/100x100/pprzeboje.png";"RMF Polskie Przeboje"
"http://podlasie24.pl/upl/articles/731507e0e3774961208867dba79ef77a.jpg";"Katolickie Radio Podlasie"
"https://static.radiozamosc.pl/data/articles/s4_nowa_ramowka_w_krz_1535709604_.jpg";"Katolickie Radio Zamoœæ"
"http://db.radioline.fr/pictures/radio_bfd41810f9ff228f8888f03b6efb8a3a/logo200.jpg?size=200";"Radio Gra"
"http://www.radiofoniakrakow.pl/img/icons2016/logo200x200.jpg";"Radio fonia"
"https://pbs.twimg.com/profile_images/1143295084/Logo_Radio_90_-_kwadrat-gradient-400p.png";"Radio 90"
"http://static.fm.tuba.pl/stations/_img/rock-radio_512.png";"Rock Radio"
"https://www.liveonlineradio.net/wp-content/uploads/2015/09/Radio-ZakaZ-100x47.jpg";"Zakaz"
"https://cdn.repla.io/logo/41193.png";"Tyflo radio"
"http://www.liveonlineradio.net/wp-content/uploads/2016/07/1-Radio-Jazz.jpg";"Radio Jazz"
"https://static.radio.pl/images/broadcasts/ea/2d/13231/c300.png";"Elka"
"https://i.vimeocdn.com/portrait/4508393_300x300";"Fred FM"
"http://www.radiohit.net.pl/wp-content/uploads/2018/07/cropped-logo-1.jpg";"HIT radio"
"https://us0-cdn.onlineradiobox.com/img/logo/8/1378.png";"Pielgrzym Kana³ Kazañ"
"https://static.radio.pl/images/broadcasts/e7/14/13805/c300.png";"Radio Nadzieja £om¿a"
"http://krasne.edu.pl/wp/wp-content/uploads/2018/06/Radio-Via-logo-KRRz-400x400.jpg";"Katolickie Radio Via"
"http://kchb.pl/radio_pielgrzym.jpg";"Pielgrzym Kazania"
"http://kchb.pl/radio_pielgrzym.jpg";"Pielgrzym"
"http://kchb.pl/radio_pielgrzym.jpg";"Pielgrzym Kana³ Kazañ i Reporta¿y"
"https://cdn-radiotime-logos.tunein.com/s76557d.png";"Kaszebe"
"http://eurobeskidy.org.pl/images/sponsorzy/logo_radio_bielsko.jpg";"Bielsko"
"https://static.wirtualnemedia.pl/media/top/Antyradioliner2015655.jpg";"Antyradio Katowice"
"https://muzyczneradio.pl/assets/4e4f8631/gfx/brand/muzyczneradio.png";"Muzyczne Radio"
"http://www.grupazpr.pl/pub/marki/RADIO/RADIO_ESKA/RadioEska_200x200_v1.png";"Eska Wroc³aw"
"https://moje.polskieradio.pl/_files/PROD1700958_big.jpg";"Las"
"https://radiopolska.pl/files/thumb/910f3aa8673fa1e/300";"LEM.fm Radio Ruskiej Bursy"
"https://i0.wp.com/radioniepokalanow.pl/wp-content/uploads/2016/09/LogoRN.png";"Katolickie Radio Niepokalanów"
"http://static.wirtualnemedia.pl/media/top/RadioZET_logo2017_655.png";"Zet"
"https://moje.polskieradio.pl/_img/kanaly/85.jpg";"Za kulisami bezpieki i partii"
"http://moje.polskieradio.pl/_img/kanaly/13c06ee4-e5dd-432e-a1a0-809e64410042.jpg";"Polskie Radio Dzieciom"
"https://seeklogo.com/images/P/Polskie_Radio_Tr_and__243_jka-logo-7A241F9671-seeklogo.com.png";"Trójka"
"http://www.express-miejski.pl/img/pubfiles/1346678454942_16_11170_1.jpg";"Wroc³aw"
"http://radioluz.pwr.edu.pl/wp-content/themes/radio-luz/assets/icons/Icon_1200x630.png?v=1";"Akademickie Radio LUZ"
"https://gfx.antyradio.pl/var/antyradio/storage/images/kontakt-2237/373998-1-pol-PL/Kontakt_article.png";"Antyradio Warszawa"
"http://www.muzo.fm/templates/muzo/gfx/logo.svg";"MUZO FM"
"https://i3.radionomy.com/radios/400/6cc6eca5-0640-4f67-8703-6c4d79094142.jpg";"P³oñsk"
"http://www.zachod.pl/wp-content/uploads/2018/08/radio-zielona-gora.jpg";"Polskie Radio Zielona Góra"
"https://static.radio.pl/images/broadcasts/2a/01/38667/1/c300.png";"Œwinoujœcie"
"https://cdn-radiotime-logos.tunein.com/s17474g.png";"Gdañsk"
"https://cdn-radiotime-logos.tunein.com/s10257d.png";"Gniezno"
"http://www.zachod.pl/wp-content/uploads/2018/08/radio-gorzow.jpg";"Polskie Radio Gorzów"
"https://seeklogo.com/images/P/polskie-radio-katowice-logo-84BDFA7B8E-seeklogo.com.gif";"Polskie Radio Katowice"
"http://www.moltowo.most.org.pl/banner_radio_kolobrzeg.png";"Ko³obrzeg"
"https://static.radio.pl/images/broadcasts/4d/b3/29668/c300.png";"Malbork"
"https://www.nysa.fm/images/logo_rn.png";"Nysa"
"http://moje.polskieradio.pl/_img/kanaly/104.jpg";"Polskie Radio Jan Pawe³ Drugi w radiach wolnoœci"
"https://upload.wikimedia.org/wikipedia/commons/2/20/Polskie_Radio_dla_Zagranicy_logo.svg";"Polskie Radio dla Zagranicy"
"http://www.maciek.kg.net.pl/macradio_logo.png";"MacRadio"
"https://static.radio.pl/images/broadcasts/f3/ad/9280/c300.png";"Planeta Progressive - Warsaw"
"https://static.radio.pl/images/broadcasts/90/91/8933/c300.png";"Planeta RnB - Warsaw"
"https://radio.katowice.pl/logo_radio_new.jpg";"PR Radio Katowice"
"https://ekoszalin.pl/sds/2016/07/08/577f1ed596c58.jpg";"PR Radio Koszalin"
"http://www.radiopik.pl/assets/css/images/logo.svg";"PR Radio Pik - Bydgoszcz"
"http://www.artradio.pl/images/art_radio5.png";"ArtRadio Bogatynia"
"https://www.strefa.fm/images/logo2.png";"Strefa FM"
"https://www.radiooko.pl/templates/gk_musictube/images/style1/logo.png";"OKO - Ostro³êka"
"http://spodkopca.pl/wp-content/uploads/2017/07/wood-620x350.jpg";"Woodstock - WOŒP"
"https://www.liveonlineradio.net/wp-content/uploads/2015/10/Polska-Scena-Alternatywna.jpg";"PR Scena Alternatywna"
"https://static.radio.pl/images/broadcasts/af/8e/32149/c300.png";"Chrzeœcijanin"
"https://static.radio.pl/images/broadcasts/65/c8/10728/c175.png";"RMI - Euro Disco"
"http://cdn-profiles.tunein.com/s48202/images/logoq.png?t=636353";"Radio RMF Classic."
"https://pbs.twimg.com/profile_images/1022423549498322944/ohkdxBvm_400x400.jpg";"Kolor 103 FM"
"http://cdn-profiles.tunein.com/s259847/images/logoq.png?t=155353";"POP radio."
"https://fraszka.ujk.edu.pl/wp-content/uploads/2018/01/Fraszka_logo_newZaso%CC%81b1-100.png";"Studenckie Radio Fraszka UJK"
"http://radiopolska.pl/files/large/57656a43c79ed99";"Freee"
"https://cdn.repla.io/logo/3391.png";"Rmf classic rock"
"https://moje.polskieradio.pl/_img/kanaly/89.jpg";"Klasycy rocka"
"https://i.imgur.com/uUV9Dyk.jpg";"Polski top wszech czasów"
"http://static.fm.tuba.pl/stations/_img/zlote-przeboje.png";"Z³ote Przeboje"
"https://static.radio.pl/images/broadcasts/2f/47/101375/5/c300.png";"Polskie Radio Rytm"
"http://www.radioram.pl/img/layout/logo.svg";"RAM"
"https://a.allegroimg.com/s1024/0cdc18/a1059cb546ea905cfeaef272d09c";"25 Lat RMF FM"
"http://static.fm.tuba.pl/stations/_img/blue-fm_512.png";"Blue fm Poznañ"
"http://nowinki.mech.pk.edu.pl/img/logoNowinki.jpg";"Nowinki Politechnika Krakowska"
"https://www.tygodnikzamojski.pl/dat/artykuly/2017/87279_b.jpg";"Wolne Media 18"
"https://pbs.twimg.com/profile_images/1149711813/Cyberstacja_Du_e_Logo.png";"Cyberstacja"
"https://muno.pl/wp-content/uploads/2017/10/goodtime220-850x570.jpg";"Good Time Radio"
"http://cdn-radiotime-logos.tunein.com/s25176q.png";"Radio RAM."
"https://i2.wp.com/www.radiorodzina.pl/wp-content/uploads/2019/09/Logo.jpg";"Rodzina Wroc³aw"
"https://moje.polskieradio.pl/_files/PROD2103468_big.jpg";"Jan Pawel II w Radiach Wolnosci"
"https://nowymarketing.pl/i/articles/4409_l2.jpg";"Polskie Radio 24"
"https://upload.wikimedia.org/wikipedia/commons/3/3c/Tok-fm.png";"TOK FM"
"https://moje.polskieradio.pl/_img/kanaly/42.jpg";"Historia najnowsza"
"https://moje.polskieradio.pl/_img/kanaly/45.jpg";"Z archiwum Radia Wolna Europa"
"http://d38n1wpq60hqoq.cloudfront.net/sites/default/files/radio/logos/logo-radio-jedynka.jpg";"Jedynka"
"https://seeklogo.com/images/P/Polskie_Radio_2-logo-55A314A67C-seeklogo.com.gif";"Dwójka"
"http://boardgamegirl.pl/wp-content/uploads/2016/01/czworka_logo.jpg";"Czwórka"
"https://upload.wikimedia.org/wikipedia/commons/thumb/7/75/Polskie_Radio_logotyp_2017.svg/1200px-Polskie_Radio_logotyp_2017.svg.png";"Polskie Radio Wschód"
"https://bestradio.fm/uploads/posts/2020-03/1583619348_record_dance-radio-online-20-min.jpg";"Rekord"
"https://static.wirtualnemedia.pl/media/top/polskieradiochopin-logo655.png";"Konkurs Chopinowski"
"https://cdn-radiotime-logos.tunein.com/s228908g.png";"Najpiêkniejsze polskie piosenki"
"https://moje.polskieradio.pl/_img/kanaly/14.jpg";"Przeboje Lata z Radiem"
"https://static.prsa.pl/images/e3c67c19-fdc3-4ab2-909d-6b3ff40c3a3d.jpg";"Koncerty w Trójce"
"https://moje.polskieradio.pl/_img/kanaly/4.jpg";"Zapiski ze wspolczesnosci"
"https://moje.polskieradio.pl/_img/kanaly/7.jpg";"Reporta¿ w Trójce"
"http://www.lpmn.pl/images/lpmn_mn3.png";"Wywiady Marka Niedzwieckiego"
"https://moje.polskieradio.pl/_img/kanaly/10.jpg";"Wojciech Mann i Marek Niedzwiecki"
"https://moje.polskieradio.pl/_img/kanaly/1.jpg";"Zabawy z jêzykiem"
"https://moje.polskieradio.pl/_img/kanaly/66.jpg";"Rozrywka na wygnaniu"
"https://moje.polskieradio.pl/_img/kanaly/3.jpg";"Freud"
"https://moje.polskieradio.pl/_img/kanaly/5.jpg";"Kosmos"
"https://moje.polskieradio.pl/_img/kanaly/53.jpg";"Klub Odkrywców"
"https://moje.polskieradio.pl/_img/kanaly/60.jpg";"Archeologia"
"https://moje.polskieradio.pl/_img/kanaly/34.jpg";"Przeboje PRL"
"https://www.press.pl/images/contents/photo_45669_1474021690_big.jpg";"Studio Reporta¿u"
"https://www.gruparmf.pl/_files/Upload/Files/Presspack/RMF-FM-logo.png";"RMF FM"
"https://moje.polskieradio.pl/_img/kanaly/59.jpg";"Historia Zwi¹zku Radzieckiego"
"https://static.radio.pl/images/broadcasts/d9/ec/12449/1/c175.png";"Relax"
"https://moje.polskieradio.pl/_img/kanaly/13.jpg";"W jazzowym klimacie"
"https://weszlo.fm/wp-content/uploads/2018/02/Weszlofm_logo-faq.png";"Wesz³o fm"
"https://static.wirtualnemedia.pl/media/top/Wnetfm_logo655.png";"Radio Wnet"
"https://weekendfm.pl/assets/img/logo-duze.png";"Weekend FM"
"https://us0-cdn.onlineradiobox.com/img/logo/9/1929.png";"Szanty Grotta"
"http://radioszczecin.pl/css/logo.jpg?v=1550652854";"Szczecin"
"http://iswinoujscie.pl/im/artykuly/13420_26032010.jpg";"Polskie Radio Szczecin"
"https://static.wirtualnemedia.pl/media/top/RadioStargard655.png";"Stargard"
"https://yt3.ggpht.com/a-/AAuE7mDcLIkCz1NnsGwANjEM4-LA-dPiN8v8B1GSFw=s900-mo-c-c0xffffffff-rj-k-no";"Piekary"
"https://radioradom.pl/wp-content/uploads/2017/02/MMRadioRadom_logo_wersja-pozioma.jpg";"Radom"
"https://www.radio.rzeszow.pl/templates/sj_veritymag/images/styling/blue/logo.png";"Polskie Radio Rzeszów"
"http://wdweii.pollub.pl/wp-content/uploads/2017/01/logo_biale_przezroczyste-768x768.png";"Lublin"
"http://www.radiomaryja.pl/wp-content/uploads/2016/12/rm_logo_315-300x300.jpg";"Radio Maryja"
"http://www.festiwalfilmuniemego.pl/wp-content/uploads/2015/11/off-radio-krakow2.png";"Off Radio Kraków"
"http://www.wietrzneradio.com/images/logo.png";"Radio Wietrzne Chicago"
"https://www.press.pl/images/contents/photo_47088_1484030822_big.jpg";"Polskie Radio Kraków"
"https://images.radiovolna.net/_files/uploads/posts/2017-02/1487603774_radiokielce.png";"Polskie Radio Kielce"
"http://nld.com.pl/freshview/wp-content/uploads/2016/11/radio_bialystok.jpg";"Polskie Radio Bia³ystok"
"https://sklepmogilno.pl/wp-content/uploads/2017/08/magnes-elstacja.jpg";"Radio EL stacja"
"https://ki24.info/news_foto/58566.jpg";"Meloradio"
"https://ws.shoutcast.com/images/contacts/3/32e9/32e9e652-b71f-4a2a-9d55-e424a7f05aef/radios/eac041d2-045a-480f-9f98-50136a811ba2/eac041d2-045a-480f-9f98-50136a811ba2.png";"Radio Mazurek"
"https://www.rdc.pl/imgpromo/fb-logom.jpg";"Radio Dla Ciebie"
"https://www.rmfon.pl/i/logos/100x100/rmf2.png";"RMF 2 POP"
"https://www.rmfon.pl/i/logos/100x100/rmf3.png";"RMF 3 POP Rock"
"https://www.rmfon.pl/i/logos/100x100/rmf4.png";"RMF 4 dance & rnb"
"https://www.rmfon.pl/i/logos/100x100/rmf5.png";"RMF 5 £agodne przeboje"
"http://cdn-radiotime-logos.tunein.com/s119895q.png";"RMF 50s"
"https://static.radio.pl/images/broadcasts/2e/85/10170/c175.png";"RMF 60s"
"http://api.my-radios.com/images/thumb.php?countryCode=PL&name=24390-2460292.png&size=200";"RMF 70s"
"http://www.liveonlineradio.net/wp-content/uploads/2011/06/rmf-90s.jpg";"RMF 90s"
"http://images.viaway.com/95415_180.png";"RMF Alternatywa"
"https://static.radio.pl/images/broadcasts/1c/fa/10186/c300.png";"RFM baby"
"https://static.radio.pl/images/broadcasts/76/30/10188/c300.png";"RMF Blues"
"http://cdn-radiotime-logos.tunein.com/s119881q.png";"RMF Celtic"
"https://static.radio.pl/images/broadcasts/82/d7/13335/c300.png";"RMF Reggae"
"https://static.radio.pl/images/broadcasts/27/e5/13319/c300.png";"RMF Polski Rock"
"https://static.radio.pl/images/broadcasts/ee/b3/10194/c300.png";"RMF Club"
"http://images.viaway.com/95443_180.png";"RMF Gold"
"https://static.radio.pl/images/broadcasts/8f/f7/13291/c300.png";"RMF Grunge"
"http://api.my-radios.com/images/thumb.php?countryCode=PL&name=24415-7292568.png&size=200";"RMF Hard and Heavy"
"https://www.rmfon.pl/i/logos/100x100/hiphop.png";"RMF Hip Hop"
"http://cdn-radiotime-logos.tunein.com/s17077q.png";"talkSPORT"
"http://cdn-radiotime-logos.tunein.com/s25419q.png";"BBC Radio 4"
"http://cdn-profiles.tunein.com/s8439/images/logoq.png?t=1";"Classic FM"
"http://cdn-radiotime-logos.tunein.com/s24940q.png";"BBC Radio 2"
"http://cdn-profiles.tunein.com/s34804/images/logoq.png?t=156632";"KQED-FM"
"http://cdn-radiotime-logos.tunein.com/s24943q.png";"BBC Radio 5 live"
"http://cdn-profiles.tunein.com/s27111/images/logoq.png";"WAMU"
"http://cdn-radiotime-logos.tunein.com/s17569q.png";"LBC London"
"https://upload.wikimedia.org/wikipedia/en/7/7b/Radio_ESKA_Rock_PL.jpg";"Eska Rock"
"http://cdn-profiles.tunein.com/s48192/images/logoq.png?t=636353";"Radio RMF MAXXX."
"https://sun9-36.userapi.com/c624319/v624319438/1cad2/-e7VLTza4gs.jpg";"Record Rock"
"https://images.radiovolna.net/_files/images/164x164/6e48cba0ec9358d4a866480863474b86/tq/hgi758d0db2b08718039915312.jpg";"Record Russian Mix"
